title,videoId,viewCount,likeCount,dislikeCount,commentCount,favoriteCount
Fun Google Secrets,Nsbp0GQHOGc,13862387,227875,0,9745,0
Google -- Year In Search 2021,EqboAI-Vk-U,238143210,168639,0,8734,0
If Google Was A Guy (Full Series),Cxqca4RQd_M,31625213,964098,0,36095,0
GOO GOO GAGA PRETEND PLAY SHOPPING AT TARGET!,F95wcsJAz0c,259727050,599613,0,0,0
"Google Google  Thuppakki Movie Songs | Star - Vijay ,Kajal Aggarwal",WdMxxHMjmAM,5363106,38240,0,791,0
Mul'tipoisk Google.  Optimizatsiia izobrazheniia dlia Google. SEO pod Google 2022.,OENG4eLXfsw,217,0,0,0,0
"Bruno Meyer: Google planeja investir US$9,5 bi em escritorios",Tz5G0labG08,1176,82,0,4,0
"Google (GOOG, GOOGL) 20:1 Stock Split Coming!! Buy Before or After The Split?",Pj2CgOULmH8,70884,1606,0,359,0
GOOGLE MY BUSINESS SEO 2022 - The Fastest Way to Rank N#1 on Google Maps,vQD4YAgc7PE,6874,437,0,64,0
28 STRANGE Sights on Google Earth,njiSn2aaS88,9740785,49691,0,5426,0
360deg Google Dinosaur - T-REX in VR [4K] Video,IwUZrxaX1A0,23306978,181881,0,4192,0
Google interns&#39; first week,9No-FiEInLA,12154154,125198,0,8297,0
Googly Episode || 78 || gugli  ||  11th April 2022,mhL4DmROq0E,96187,1744,0,61,0
www.google.com,xi8Z-BdLuLo,3568951,2456,0,288,0
Welcome to Google TV,FBr32yD-Ui4,1160878,15342,0,1085,0
Googly Episode || 79 || gugli  ||  12th April 2022,ht0onka-dJ4,92797,1627,0,81,0
El Chombo - Dame Tu Cosita feat. Cutty Ranks (Official Video) [Ultra Music],FzG4uDgje3M,3915620227,15756776,0,723475,0
7 ERRORES MONUMENTALES DE GOOGLE,T-yDEAwTtFw,21657,3374,0,128,0
Must Watch New Funny Video 2021 Top New Comedy Video 2021 Try To Not Laugh Episode 43 By #Mahafuntv,GXUrIt8PkN4,48976594,226054,0,2775,0
Google My Bulbul | Funny Google Song | Krsna Solo | English Search Engine Song | Funzoa Funny Videos,p0ysH2Glw5w,20806809,307593,0,27935,0
GRANDMA Always Says YES! | Super Siah #shorts,T925p27IHmI,62235744,1107462,0,0,0
ZOMBIE GIRL ESCAPE PREGNANCY PRANK BATTLE - Doctor Nerf Guns Couple Zombies Crime | Sky Nerf War,-EjsCBHEbbk,101505941,293902,0,3580,0
Everyone is stupid and poor... (as an ex-Google millionaire),1rjhJvt2ASo,47035,4359,0,1527,0
Where is the Google Pixel Watch? ,FqLo7Q4Q70Y,1606,128,0,8,0
